select 'test',"test";
test	test
test	test
select 'aaaaaaaaaaaaaaaaaaaaaaaaaaaaaaaaaaaaaaaaaaaaaaaaaaaaaaaaaaaaaaaaaaaaaaaaaaaaaaaaaaaaaaaaaaaaaaaaaaaaaaaaaaaaaaaaaaaaaaaaaaaaaaaaaaaaaaaaaaaaaaaaaaaaaaaaaaaaaaaaaaaaaaaaaaaaaaaaaaaaaaaaaaaaaaaaaaaaaaaaaaaaaaaaaaaaaaaaaaaaaaaaaaaaaaaaaaaaaaaaaaaaaaaaaaaaaaaaaaaaaaaaaaaaaaaaaaaaaaaaaaaaaaaaaaaaaaaaa';
aaaaaaaaaaaaaaaaaaaaaaaaaaaaaaaaaaaaaaaaaaaaaaaaaaaaaaaaaaaaaaaaaaaaaaaaaaaaaaaaaaaaaaaaaaaaaaaaaaaaaaaaaaaaaaaaaaaaaaaaaaaaaaaaaaaaaaaaaaaaaaaaaaaaaaaaaaaaaaaaaaaaaaaaaaaaaaaaaaaaaaaaaaaaaaaaaaaaaaaaaaaaaaaaaaaaaaaaaaaaaaaaaaaaaaaaaaaaaaaaaaaaaaaaaaaaaaaa
aaaaaaaaaaaaaaaaaaaaaaaaaaaaaaaaaaaaaaaaaaaaaaaaaaaaaaaaaaaaaaaaaaaaaaaaaaaaaaaaaaaaaaaaaaaaaaaaaaaaaaaaaaaaaaaaaaaaaaaaaaaaaaaaaaaaaaaaaaaaaaaaaaaaaaaaaaaaaaaaaaaaaaaaaaaaaaaaaaaaaaaaaaaaaaaaaaaaaaaaaaaaaaaaaaaaaaaaaaaaaaaaaaaaaaaaaaaaaaaaaaaaaaaaaaaaaaaaaaaaaaaaaaaaaaaaaaaaaaaaaaaaaaaaaaaaaaaaa
SELECT CONCAT(2,' test');
CONCAT(2,' test')
2 test
SELECT 38.8, CAST(38.8 AS CHAR);
38.8	CAST(38.8 AS CHAR)
38.8	38.8
SELECT '9223372036854775807' = 9223372036854775807;
'9223372036854775807' = 9223372036854775807
1
SELECT '9223372036854775807' = "9223372036854775807";
'9223372036854775807' = "9223372036854775807"
1
SELECT CAST('9223372036854775807' AS UNSIGNED) = 9223372036854775806;
CAST('9223372036854775807' AS UNSIGNED) = 9223372036854775806
0
SELECT CAST("2017-08-29" AS DATE);
CAST("2017-08-29" AS DATE)
2017-08-29
SELECT CAST(150 AS CHAR);
CAST(150 AS CHAR)
150
SELECT CAST(5-10 AS CHAR);
CAST(5-10 AS CHAR)
-5
SELECT CONCAT('My', 'S', 'QL');
CONCAT('My', 'S', 'QL')
MySQL
SELECT CONCAT('My', NULL, 'QL');
CONCAT('My', NULL, 'QL')
NULL
SELECT CONCAT(14,'.3');
CONCAT(14,'.3')
14.3
SELECT (CAST(0x7FFFFFFFFFFFFFFF AS char));
(CAST(0x7FFFFFFFFFFFFFFF AS char))
NULL
drop table if exists t1;
create table t1 (a char(10));
insert into t1 values('abcdef');
insert into t1 values('_bcdef');
insert into t1 values('a_cdef');
insert into t1 values('ab_def');
insert into t1 values('abc_ef');
insert into t1 values('abcd_f');
insert into t1 values('abcde_');
select * from t1 where a like 'ab\_def';
a
ab_def
select * from t1 where a not like 'a%';
a
_bcdef
select * from t1 where a like "\__cdef";
a
_bcdef
select * from t1 where a not like "%d_\_";
a
abcdef
_bcdef
a_cdef
ab_def
abc_ef
abcd_f
CREATE TABLE Demovarchar
(
LastName varchar(10) primary key,
FirstName varchar(10),
Gender varchar(1),
DepartmentName varchar(20),
Age int
);
INSERT INTO Demovarchar VALUES('Gilbert', 'Kevin','M','Tool Design',33);
INSERT INTO Demovarchar VALUES('Tamburello', 'Andrea','F','Marketing',45);
INSERT INTO Demovarchar VALUES('Johnson', 'David','M','Engineering',66);
INSERT INTO Demovarchar VALUES('Sharma', 'Bradley','M','Production',27);
INSERT INTO Demovarchar VALUES('Rapier', 'Abigail','F',	'Human Resources',38);
INSERT INTO Demovarchar VALUES('Martin', 'Kelly','F','Information Services',54);
INSERT INTO Demovarchar VALUES('Poland', 'Carole','F','Production Control',29);
SELECT * FROM Demovarchar;
LastName	FirstName	Gender	DepartmentName	Age
Gilbert	Kevin	M	Tool Design	33
Johnson	David	M	Engineering	66
Martin	Kelly	F	Information Services	54
Poland	Carole	F	Production Control	29
Rapier	Abigail	F	Human Resources	38
Sharma	Bradley	M	Production	27
Tamburello	Andrea	F	Marketing	45
select concat(LastName,FirstName) from Demovarchar where Age > 40;
concat(LastName,FirstName)
JohnsonDavid
MartinKelly
TamburelloAndrea
select concat(LastName,FirstName) as fullname from Demovarchar where Age > 40 order by fullname desc;
fullname
TamburelloAndrea
MartinKelly
JohnsonDavid
select concat(LastName,FirstName),Gender,Age from Demovarchar where Gender='F' order by Age asc;
concat(LastName,FirstName)	Gender	Age
PolandCarole	F	29
RapierAbigail	F	38
TamburelloAndrea	F	45
MartinKelly	F	54
select cast(Age as char) as cAge from Demovarchar where cast(Age as char) like '2_';
cAge
29
27
select cast(Age as char) and Age as cAge from Demovarchar where Age>=50;
cAge
1
1
CREATE TABLE employees (
employeeNumber int(11) NOT NULL,
lastName varchar(50) NOT NULL,
firstName varchar(50) NOT NULL,
extension varchar(10) NOT NULL,
email varchar(100) NOT NULL,
officeCode varchar(10) NOT NULL,
reportsTo int(11) DEFAULT NULL,
jobTitle varchar(50) NOT NULL,
PRIMARY KEY (employeeNumber)
);
insert  into employees(employeeNumber,lastName,firstName,extension,email,officeCode,reportsTo,jobTitle) values
(1002,'Murphy','Diane','x5800','dmurphy@classicmodelcars.com','1',NULL,'President'),
(1056,'Patterson','Mary','x4611','mpatterso@classicmodelcars.com','1',1002,'VP Sales'),
(1076,'Firrelli','Jeff','x9273','jfirrelli@classicmodelcars.com','1',1002,'VP Marketing'),
(1088,'Patterson','William','x4871','wpatterson@classicmodelcars.com','6',1056,'Sales Manager (APAC)'),
(1102,'Bondur','Gerard','x5408','gbondur@classicmodelcars.com','4',1056,'Sale Manager (EMEA)'),
(1143,'Bow','Anthony','x5428','abow@classicmodelcars.com','1',1056,'Sales Manager (NA)'),
(1165,'Jennings','Leslie','x3291','ljennings@classicmodelcars.com','1',1143,'Sales Rep'),
(1166,'Thompson','Leslie','x4065','lthompson@classicmodelcars.com','1',1143,'Sales Rep'),
(1188,'Firrelli','Julie','x2173','jfirrelli@classicmodelcars.com','2',1143,'Sales Rep'),
(1216,'Patterson','Steve','x4334','spatterson@classicmodelcars.com','2',1143,'Sales Rep'),
(1286,'Tseng','Foon Yue','x2248','ftseng@classicmodelcars.com','3',1143,'Sales Rep'),
(1323,'Vanauf','George','x4102','gvanauf@classicmodelcars.com','3',1143,'Sales Rep'),
(1337,'Bondur','Loui','x6493','lbondur@classicmodelcars.com','4',1102,'Sales Rep'),
(1370,'Hernandez','Gerard','x2028','ghernande@classicmodelcars.com','4',1102,'Sales Rep'),
(1401,'Castillo','Pamela','x2759','pcastillo@classicmodelcars.com','4',1102,'Sales Rep'),
(1501,'Bott','Larry','x2311','lbott@classicmodelcars.com','7',1102,'Sales Rep'),
(1504,'Jones','Barry','x102','bjones@classicmodelcars.com','7',1102,'Sales Rep'),
(1611,'Fixter','Andy','x101','afixter@classicmodelcars.com','6',1088,'Sales Rep');
select officeCode,count(officeCode) from employees group by officeCode having count(officeCode)>2;
officeCode	count(officeCode)
1	6
4	4
select lastName,firstName from employees where cast(officeCode as unsigned)>5;
lastName	firstName
Patterson	William
Bott	Larry
Jones	Barry
Fixter	Andy
select max(lastName),min(lastName) from employees;
max(lastName)	min(lastName)
Vanauf	Bondur
select max(lastName),min(lastName),JobTitle from employees group by JobTitle;
max(lastName)	min(lastName)	JobTitle
Murphy	Murphy	President
Patterson	Patterson	VP Sales
Firrelli	Firrelli	VP Marketing
Patterson	Patterson	Sales Manager (APAC)
Bondur	Bondur	Sale Manager (EMEA)
Bow	Bow	Sales Manager (NA)
Vanauf	Bondur	Sales Rep
select lastName,firstName from employees where lastName>=firstName;
lastName	firstName
Murphy	Diane
Patterson	Mary
Bow	Anthony
Thompson	Leslie
Tseng	Foon Yue
Vanauf	George
Hernandez	Gerard
Jones	Barry
Fixter	Andy
select lastName,firstName from employees where lastName between firstName and JobTitle;
lastName	firstName
Murphy	Diane
Patterson	Mary
Bow	Anthony
Hernandez	Gerard
Jones	Barry
Fixter	Andy
select * from employees where officeCode in ('2','3','4');
employeeNumber	lastName	firstName	extension	email	officeCode	reportsTo	jobTitle
1102	Bondur	Gerard	x5408	gbondur@classicmodelcars.com	4	1056	Sale Manager (EMEA)
1188	Firrelli	Julie	x2173	jfirrelli@classicmodelcars.com	2	1143	Sales Rep
1216	Patterson	Steve	x4334	spatterson@classicmodelcars.com	2	1143	Sales Rep
1286	Tseng	Foon Yue	x2248	ftseng@classicmodelcars.com	3	1143	Sales Rep
1323	Vanauf	George	x4102	gvanauf@classicmodelcars.com	3	1143	Sales Rep
1337	Bondur	Loui	x6493	lbondur@classicmodelcars.com	4	1102	Sales Rep
1370	Hernandez	Gerard	x2028	ghernande@classicmodelcars.com	4	1102	Sales Rep
1401	Castillo	Pamela	x2759	pcastillo@classicmodelcars.com	4	1102	Sales Rep
select * from employees where officeCode not in ('5','7','1');
employeeNumber	lastName	firstName	extension	email	officeCode	reportsTo	jobTitle
1088	Patterson	William	x4871	wpatterson@classicmodelcars.com	6	1056	Sales Manager (APAC)
1102	Bondur	Gerard	x5408	gbondur@classicmodelcars.com	4	1056	Sale Manager (EMEA)
1188	Firrelli	Julie	x2173	jfirrelli@classicmodelcars.com	2	1143	Sales Rep
1216	Patterson	Steve	x4334	spatterson@classicmodelcars.com	2	1143	Sales Rep
1286	Tseng	Foon Yue	x2248	ftseng@classicmodelcars.com	3	1143	Sales Rep
1323	Vanauf	George	x4102	gvanauf@classicmodelcars.com	3	1143	Sales Rep
1337	Bondur	Loui	x6493	lbondur@classicmodelcars.com	4	1102	Sales Rep
1370	Hernandez	Gerard	x2028	ghernande@classicmodelcars.com	4	1102	Sales Rep
1401	Castillo	Pamela	x2759	pcastillo@classicmodelcars.com	4	1102	Sales Rep
1611	Fixter	Andy	x101	afixter@classicmodelcars.com	6	1088	Sales Rep
select avg(officeCode) from employees where jobTitle like 'Sales%' group by jobTitle;
avg(officeCode)
6
1
3.6666666666666665
select officeCode,sum(cast(officeCode as unsigned)) from employees group by officeCode;
officeCode	sum(cast(officeCode as unsigned))
1	6
6	12
4	16
2	4
3	6
7	14
select employeeNumber,officeCode,reportsTo from employees where employeeNumber>1400 and reportsTo is not null order by officeCode+1,employeeNumber;
employeeNumber	officeCode	reportsTo
1401	4	1102
1611	6	1088
1501	7	1102
1504	7	1102
create table job(
jobid int primary key,
jobTitle varchar(50)
);
insert into job values
(1,'President'),
(2,'VP Sales'),
(3,'VP Marketing'),
(4,'Sales Manager (APAC)'),
(5,'Sale Manager (EMEA)'),
(6,'Sales Manager (NA)'),
(7,'Sales Rep'),
(8,'Marketing');
select employeeNumber,e.jobTitle,j.jobid from employees e join job j on e.jobTitle=j.jobTitle;
employeeNumber	jobTitle	jobid
1002	President	1
1056	VP Sales	2
1076	VP Marketing	3
1088	Sales Manager (APAC)	4
1102	Sale Manager (EMEA)	5
1143	Sales Manager (NA)	6
1165	Sales Rep	7
1166	Sales Rep	7
1188	Sales Rep	7
1216	Sales Rep	7
1286	Sales Rep	7
1323	Sales Rep	7
1337	Sales Rep	7
1370	Sales Rep	7
1401	Sales Rep	7
1501	Sales Rep	7
1504	Sales Rep	7
1611	Sales Rep	7
select distinct e.jobTitle,j.jobid from employees e join job j on e.jobTitle=j.jobTitle;
jobTitle	jobid
President	1
VP Sales	2
VP Marketing	3
Sales Manager (APAC)	4
Sale Manager (EMEA)	5
Sales Manager (NA)	6
Sales Rep	7
select e.jobTitle,sum(jobid) from employees e join job j on e.jobTitle=j.jobTitle group by jobTitle having sum(jobid)>5;
jobTitle	sum(jobid)
Sales Manager (NA)	6
Sales Rep	84
select e.jobTitle,sum(jobid) from employees e join job j on e.jobTitle=j.jobTitle group by jobTitle having sum(jobid)>5 order by 2 desc;
jobTitle	sum(jobid)
Sales Rep	84
Sales Manager (NA)	6
